family,mode,variant,parameters,trainable,step_ms,tokens_per_second,process_peak_rss_gib,process_tree_peak_pss_gib,spill_capacity_gib,spill_end_allocated_gib,spill_peak_allocated_gib,execution_peak_allocated_gib
llama3,full,recompute,77863680,77863680,33.91420957632363,60387.667163257756,6.216800689697266,6.439999580383301,4,0.7254370003938675,0.8250463753938675,0.7490401566028595
llama3,full,save,77863680,77863680,36.080349527765065,56762.199557517975,6.216423034667969,6.438776969909668,4,0.7254370003938675,0.8250463753938675,0.8625881969928741
llama3,lora,recompute,79698688,1835008,14.581965922843665,140447.45481071694,5.0189971923828125,5.298694610595703,3,0.1658153161406517,0.5,0.53125
llama3,lora,save,79698688,1835008,13.545386493206024,151195.39047684005,5.013828277587891,5.299365043640137,3,0.1658153161406517,0.5,0.549755834043026
olmoe,full,recompute,207727360,207727360,87.32501498889178,23452.615499241732,8.78207015991211,9.022875785827637,6,1.9348868280649185,2.034496210515499,1.5703318417072296
olmoe,full,save,207727360,207727360,90.85215855157003,22542.117134591826,8.624679565429688,8.774458885192871,6,1.9348868280649185,2.034496210515499,1.2018027603626251
olmoe,lora,recompute,220965632,13238272,26.291436050087214,77896.08738367893,5.53424072265625,5.851120948791504,3,0.5351466163992882,0.5996283516287804,0.7457418665289879
olmoe,lora,save,220965632,13238272,23.07100046891719,88769.44902147628,5.534030914306641,5.846072196960449,3,0.5351466163992882,0.5996283516287804,0.884174607694149
qwen35,full,recompute,78503024,78503024,35.35708546405658,57923.32634662329,6.565311431884766,6.932562828063965,4,0.7312693670392036,0.8308787420392036,0.7506731553003192
qwen35,full,save,78503024,78503024,36.15455300314352,56645.70102199668,6.471153259277344,6.794232368469238,4,0.7312693670392036,0.8308787420392036,0.8738184971734881
qwen35,lora,recompute,80290416,1787392,21.27424895297736,96266.6181319355,5.334423065185547,5.66323184967041,3,0.16635192185640335,0.5,0.53125
qwen35,lora,save,80290416,1787392,19.516450935043395,104937.11212229921,5.31976318359375,5.660224914550781,3,0.16635192185640335,0.5,0.5574896596372128
qwen35moe,full,recompute,213084272,213084272,90.62894550152123,22597.636866089586,9.23553466796875,9.575716018676758,6,1.9845940545201302,2.084211066365242,1.6326712174341083
qwen35moe,full,save,213084272,213084272,91.45230846479535,22394.18593559483,9.250911712646484,9.586243629455566,6,1.9845940545201302,2.084211066365242,1.583544115535915
qwen35moe,lora,recompute,226274928,13190656,29.82667402829975,68663.3715196285,6.083522796630859,6.468969345092773,3,0.5444094315171242,0.6234804466366768,0.7547359764575958
qwen35moe,lora,save,226274928,13190656,25.8446239749901,79242.78573299632,6.077720642089844,6.440549850463867,3,0.5444094315171242,0.6234804466366768,0.9311080239713192
qwen3moe,full,recompute,207723776,207723776,87.9232629085891,23293.039091704748,8.782341003417969,9.031991004943848,6,1.9348534494638443,2.034462831914425,1.5702872574329376
qwen3moe,full,save,207723776,207723776,91.13861905643716,22471.264335613705,8.782722473144531,9.035423278808594,6,1.9348534494638443,2.034462831914425,1.2017584145069122
qwen3moe,lora,recompute,220962048,13238272,26.538685953710228,77170.36192267388,5.612884521484375,5.940323829650879,3,0.5351399406790733,0.5996217951178551,0.7457375749945641
qwen3moe,lora,save,220962048,13238272,23.41601048829034,87461.52556705357,5.632564544677734,5.968476295471191,3,0.5351399406790733,0.5996217951178551,0.8841705545783043
