family,mode,variant,stage,occurrences,direction,input_mib,mutated_mib,output_mib,workspace_mib,total_mib,runtime_ms,unstable
llama3,full,recompute,unique_stage_0000,1,forward,48.01564407348633,0.0,3.015644073486328,0.0,51.031288146972656,0.050016,True
llama3,full,recompute,unique_stage_0000,1,backward,3.015625,0.0,96.0,0.046875,99.0625,0.113279,True
llama3,full,recompute,unique_stage_0001,1,forward,51.017093658447266,0.0,3.814697265625e-06,361.00000381469727,412.0171012878418,1.809888,False
llama3,full,recompute,unique_stage_0001,1,backward,51.017093658447266,0.0,99.0029296875,265.00782012939453,415.0278434753418,1.980767,False
llama3,full,recompute,unique_stage_0002,4,forward,16.393573760986328,0.0,3.0,27.0,46.39357376098633,0.3532,False
llama3,full,recompute,unique_stage_0002,4,backward,19.393573760986328,0.0,29.255859375,62.109375,110.75880813598633,0.871712,False
llama3,full,save,unique_stage_0000,1,forward,48.01564407348633,0.0,3.015644073486328,0.0,51.031288146972656,0.050944,True
llama3,full,save,unique_stage_0000,1,backward,3.015625,0.0,96.0,0.046875,99.0625,0.11392,True
llama3,full,save,unique_stage_0001,1,forward,51.017093658447266,0.0,99.00000381469727,262.00000381469727,412.0171012878418,1.80864,False
llama3,full,save,unique_stage_0001,1,backward,102.00146865844727,0.0,99.0029296875,3.1015625,204.10596084594727,0.240735,False
llama3,full,save,unique_stage_0002,4,forward,16.393573760986328,0.0,32.09375,9.0,57.48732376098633,0.352735,False
llama3,full,save,unique_stage_0002,4,backward,48.48732376098633,0.0,29.255859375,42.015625,119.75880813598633,0.718431,False
llama3,lora,recompute,unique_stage_0000,3,forward,18.143573760986328,0.0,3.0,30.0,51.14357376098633,0.475551,False
llama3,lora,recompute,unique_stage_0000,3,backward,21.143573760986328,0.0,4.75,63.453125,89.34669876098633,1.021648,False
llama3,lora,recompute,unique_stage_0001,1,forward,63.14357376098633,0.0,3.015644073486328,30.0,96.15921783447266,0.513759,False
llama3,lora,recompute,unique_stage_0001,1,backward,66.14357376098633,0.0,1.75,63.3359375,131.22951126098633,0.937023,False
llama3,lora,recompute,unique_stage_0002,1,forward,51.017093658447266,0.0,3.814697265625e-06,265.00000381469727,316.0171012878418,1.2624,False
llama3,lora,recompute,unique_stage_0002,1,backward,51.017093658447266,0.0,3.0,265.00782012939453,319.0249137878418,1.331743,False
llama3,lora,save,unique_stage_0000,3,forward,18.143573760986328,0.0,33.84375,9.0,60.98732376098633,0.478783,False
llama3,lora,save,unique_stage_0000,3,backward,50.23732376098633,0.0,4.75,36.015625,91.00294876098633,0.722368,False
llama3,lora,save,unique_stage_0001,1,forward,63.14357376098633,0.0,36.71876907348633,9.0,108.86234283447266,0.522096,False
llama3,lora,save,unique_stage_0001,1,backward,48.20460891723633,0.0,1.75,33.0390625,82.99367141723633,0.560223,False
llama3,lora,save,unique_stage_0002,1,forward,51.017093658447266,0.0,3.0000038146972656,262.00000381469727,316.0171012878418,1.264351,False
llama3,lora,save,unique_stage_0002,1,backward,6.001468658447266,0.0,3.0,3.1044921875,12.105960845947266,0.131679,True
olmoe,full,recompute,unique_stage_0000,3,forward,78.3174057006836,0.0,3.0000038146972656,39.095953941345215,120.41336345672607,0.814944,False
olmoe,full,recompute,unique_stage_0000,3,backward,81.3174057006836,0.0,153.10351943969727,84.46887588500977,318.8898010253906,1.756416,False
olmoe,full,recompute,unique_stage_0001,1,forward,78.3174057006836,0.0,3.0000038146972656,39.095953941345215,120.41336345672607,0.814944,False
olmoe,full,recompute,unique_stage_0001,1,backward,81.3174057006836,0.0,153.103515625,84.46887588500977,318.88979721069336,1.777952,False
olmoe,full,recompute,unique_stage_0002,1,forward,51.01709747314453,0.0,3.814697265625e-06,361.00000381469727,412.01710510253906,1.811328,False
olmoe,full,recompute,unique_stage_0002,1,backward,51.017093658447266,0.0,99.00293350219727,265.00782012939453,415.02784729003906,1.977776,False
olmoe,full,recompute,unique_stage_0003,1,forward,48.01564407348633,0.0,3.0156478881835938,0.0,51.03129196166992,0.055904,True
olmoe,full,recompute,unique_stage_0003,1,backward,3.015625,0.0,96.0,0.046875,99.0625,0.114975,True
olmoe,full,save,unique_stage_0000,3,forward,78.3174057006836,0.0,30.34387969970703,20.00207805633545,128.66336345672607,0.802816,False
olmoe,full,save,unique_stage_0000,3,backward,108.66128158569336,0.0,153.10351943969727,50.289432525634766,312.0542335510254,1.266335,False
olmoe,full,save,unique_stage_0001,1,forward,78.3174057006836,0.0,30.34387969970703,20.00207805633545,128.66336345672607,0.802816,False
olmoe,full,save,unique_stage_0001,1,backward,108.66128158569336,0.0,153.103515625,50.289432525634766,312.0542297363281,1.253568,False
olmoe,full,save,unique_stage_0002,1,forward,51.01709747314453,0.0,99.0000114440918,262.00000381469727,412.0171127319336,1.803231,False
olmoe,full,save,unique_stage_0002,1,backward,102.0014762878418,0.0,99.00293350219727,3.1015625,204.10597229003906,0.244192,False
olmoe,full,save,unique_stage_0003,1,forward,48.01564407348633,0.0,3.0156478881835938,0.0,51.03129196166992,0.052512,True
olmoe,full,save,unique_stage_0003,1,backward,3.015625,0.0,96.0,0.046875,99.0625,0.109984,False
olmoe,lora,recompute,unique_stage_0000,1,forward,135.94240188598633,0.0,3.0156478881835938,43.218875885009766,182.1769256591797,1.181664,False
olmoe,lora,recompute,unique_stage_0000,1,backward,138.9424057006836,0.0,12.625,114.88293838500977,266.45034408569336,2.340287,False
olmoe,lora,recompute,unique_stage_0001,3,forward,90.9424057006836,0.0,3.0000038146972656,43.218875885009766,137.16128540039062,1.137088,False
olmoe,lora,recompute,unique_stage_0001,3,backward,93.9424057006836,0.0,15.625003814697266,115.00012588500977,224.56753540039062,2.409759,False
olmoe,lora,recompute,unique_stage_0002,1,forward,51.01709747314453,0.0,3.814697265625e-06,265.00000381469727,316.01710510253906,1.264191,False
olmoe,lora,recompute,unique_stage_0002,1,backward,51.017093658447266,0.0,3.0000038146972656,265.00782012939453,319.02491760253906,1.332432,False
olmoe,lora,save,unique_stage_0000,1,forward,135.94240188598633,0.0,52.906272888183594,16.095953941345215,204.94462871551514,1.171936,False
olmoe,lora,save,unique_stage_0000,1,backward,126.3159408569336,0.0,12.625,48.093875885009766,187.03481674194336,1.614495,False
olmoe,lora,save,unique_stage_0001,3,forward,90.9424057006836,0.0,50.031253814697266,16.095953941345215,157.06961345672607,1.133919,False
olmoe,lora,save,unique_stage_0001,3,backward,128.3486557006836,0.0,15.625003814697266,48.093875885009766,192.06753540039062,1.714544,False
olmoe,lora,save,unique_stage_0002,1,forward,51.01709747314453,0.0,3.000011444091797,262.00000381469727,316.0171127319336,1.259487,False
olmoe,lora,save,unique_stage_0002,1,backward,6.001476287841797,0.0,3.0000038146972656,3.1044921875,12.105972290039062,0.135488,True
qwen35,full,recompute,unique_stage_0000,1,forward,17.393817901611328,0.0,3.0,27.0,47.39381790161133,0.474112,False
qwen35,full,recompute,unique_stage_0000,1,backward,20.393817901611328,0.0,31.50634765625,72.234375,124.13454055786133,1.152752,False
qwen35,full,recompute,unique_stage_0001,1,forward,51.017093658447266,0.0,3.814697265625e-06,361.00000381469727,412.0171012878418,1.810047,False
qwen35,full,recompute,unique_stage_0001,1,backward,51.017093658447266,0.0,99.0029296875,265.00782012939453,415.0278434753418,1.979328,False
qwen35,full,recompute,unique_stage_0002,1,forward,48.01564407348633,0.0,3.0161705017089844,0.0,51.03181457519531,0.112447,True
qwen35,full,recompute,unique_stage_0002,1,backward,3.015625,0.0,96.0,0.046875,99.0625,0.113055,True
qwen35,full,recompute,unique_stage_0003,3,forward,16.15985870361328,0.0,3.0,27.0,46.15985870361328,0.887088,False
qwen35,full,recompute,unique_stage_0003,3,backward,19.15985870361328,0.0,29.31866455078125,72.296875,120.77539825439453,2.041408,False
qwen35,full,save,unique_stage_0000,1,forward,17.393817901611328,0.0,35.09375,9.0,61.48756790161133,0.467808,False
qwen35,full,save,unique_stage_0000,1,backward,52.48756790161133,0.0,31.50634765625,46.140625,130.13454055786133,0.951856,False
qwen35,full,save,unique_stage_0001,1,forward,51.017093658447266,0.0,99.00000381469727,262.00000381469727,412.0171012878418,1.808511,False
qwen35,full,save,unique_stage_0001,1,backward,102.00146865844727,0.0,99.0029296875,3.1015625,204.10596084594727,0.238912,False
qwen35,full,save,unique_stage_0002,1,forward,48.01564407348633,0.0,3.0161705017089844,0.0,51.03181457519531,0.111103,True
qwen35,full,save,unique_stage_0002,1,backward,3.015625,0.0,96.0,0.046875,99.0625,0.113215,True
qwen35,full,save,unique_stage_0003,3,forward,16.15985870361328,0.0,34.125,16.06256103515625,66.34741973876953,0.864864,False
qwen35,full,save,unique_stage_0003,3,backward,50.28485870361328,0.0,29.31866455078125,57.28912353515625,136.89264678955078,1.662463,False
qwen35,lora,recompute,unique_stage_0000,1,forward,62.83317947387695,0.0,3.0161705017089844,35.35942077636719,101.20877075195312,1.201744,False
qwen35,lora,recompute,unique_stage_0000,1,backward,65.83316040039062,0.0,1.658203125,73.58740234375,141.07876586914062,2.371792,False
qwen35,lora,recompute,unique_stage_0001,1,forward,19.237567901611328,0.0,3.0,30.0,52.23756790161133,0.592639,False
qwen35,lora,recompute,unique_stage_0001,1,backward,22.237567901611328,0.0,4.84375,73.5,100.58131790161133,1.318096,False
qwen35,lora,recompute,unique_stage_0002,1,forward,51.017093658447266,0.0,3.814697265625e-06,265.00000381469727,316.0171012878418,1.265184,False
qwen35,lora,recompute,unique_stage_0002,1,backward,51.017093658447266,0.0,3.0,265.00782012939453,319.0249137878418,1.335744,False
qwen35,lora,recompute,unique_stage_0003,2,forward,17.81806182861328,0.0,3.0,35.35942077636719,56.17748260498047,1.006303,False
qwen35,lora,recompute,unique_stage_0003,2,backward,20.81806182861328,0.0,4.658203125,73.6884765625,99.16474151611328,2.279839,False
qwen35,lora,save,unique_stage_0000,1,forward,62.83317947387695,0.0,38.626522064208984,16.03131103515625,117.49101257324219,1.195168,False
qwen35,lora,save,unique_stage_0000,1,backward,49.49530792236328,0.0,1.658203125,41.1640625,92.31757354736328,1.681376,False
qwen35,lora,save,unique_stage_0001,1,forward,19.237567901611328,0.0,36.890625,10.0,66.12819290161133,0.616095,False
qwen35,lora,save,unique_stage_0001,1,backward,54.28444290161133,0.0,4.84375,43.015625,102.14381790161133,1.040799,False
qwen35,lora,save,unique_stage_0002,1,forward,51.017093658447266,0.0,3.0000038146972656,262.00000381469727,316.0171012878418,1.26416,False
qwen35,lora,save,unique_stage_0002,1,backward,6.001468658447266,0.0,3.0,3.1044921875,12.105960845947266,0.1384,True
qwen35,lora,save,unique_stage_0003,2,forward,17.81806182861328,0.0,35.7041015625,16.03131103515625,69.55347442626953,1.016384,False
qwen35,lora,save,unique_stage_0003,2,backward,51.86396026611328,0.0,4.658203125,45.46112060546875,101.98328399658203,1.810975,False
qwen35moe,full,recompute,unique_stage_0000,1,forward,81.50575637817383,0.0,3.0000038146972656,42.096320152282715,126.60208034515381,0.813392,False
qwen35moe,full,recompute,unique_stage_0000,1,backward,84.5053939819336,0.0,159.8533935546875,87.57849502563477,331.93728256225586,1.726879,False
qwen35moe,full,recompute,unique_stage_0001,1,forward,51.01709747314453,0.0,3.814697265625e-06,361.00000381469727,412.01710510253906,1.779968,False
qwen35moe,full,recompute,unique_stage_0001,1,backward,51.017093658447266,0.0,99.00293350219727,262.00782012939453,412.02784729003906,1.901071,False
qwen35moe,full,recompute,unique_stage_0002,1,forward,48.01564407348633,0.0,3.0161705017089844,0.0,51.03181457519531,0.11264,True
qwen35moe,full,recompute,unique_stage_0002,1,backward,3.015625,0.0,96.0,0.046875,99.0625,0.114367,True
qwen35moe,full,recompute,unique_stage_0003,3,forward,80.3332290649414,0.0,3.0003662109375,42.095953941345215,125.42954921722412,1.276383,False
qwen35moe,full,recompute,unique_stage_0003,3,backward,83.3333511352539,0.0,157.66534423828125,87.64075088500977,328.6394462585449,2.912703,False
qwen35moe,full,save,unique_stage_0000,1,forward,81.50575637817383,0.0,43.48853302001953,20.00207805633545,144.9963674545288,0.822975,False
qwen35moe,full,save,unique_stage_0000,1,backward,124.99319076538086,0.0,159.8533935546875,53.28589630126953,338.1324806213379,1.235088,False
qwen35moe,full,save,unique_stage_0001,1,forward,51.01709747314453,0.0,99.0078239440918,262.00000381469727,412.0249252319336,1.781568,False
qwen35moe,full,save,unique_stage_0001,1,backward,102.0092887878418,0.0,99.00293350219727,0.046875,201.05909729003906,0.148031,False
qwen35moe,full,save,unique_stage_0002,1,forward,48.01564407348633,0.0,3.0161705017089844,0.0,51.03181457519531,0.109632,True
qwen35moe,full,save,unique_stage_0002,1,backward,3.015625,0.0,96.0,0.046875,99.0625,0.1128,False
qwen35moe,full,save,unique_stage_0003,3,forward,80.3332290649414,0.0,39.395023345947266,20.00207805633545,139.73033046722412,1.259423,False
qwen35moe,full,save,unique_stage_0003,3,backward,119.72800827026367,0.0,157.66534423828125,55.37915802001953,332.77251052856445,2.156112,False
qwen35moe,lora,recompute,unique_stage_0000,1,forward,51.01709747314453,0.0,3.814697265625e-06,265.00000381469727,316.01710510253906,1.234479,False
qwen35moe,lora,recompute,unique_stage_0000,1,backward,51.017093658447266,0.0,3.0000038146972656,262.00782012939453,316.02491760253906,1.239744,False
qwen35moe,lora,recompute,unique_stage_0001,1,forward,137.88154983520508,0.0,3.0165367126464844,46.218875885009766,187.11696243286133,1.785312,False
qwen35moe,lora,recompute,unique_stage_0001,1,backward,140.88165283203125,0.0,12.533203125,130.15002822875977,283.564884185791,3.580415,False
qwen35moe,lora,recompute,unique_stage_0002,1,forward,94.22450637817383,0.0,3.0000038146972656,46.218875885009766,143.44338607788086,1.149183,False
qwen35moe,lora,recompute,unique_stage_0002,1,backward,97.2241439819336,0.0,15.7191162109375,132.09387588500977,245.03713607788086,2.304608,False
qwen35moe,lora,recompute,unique_stage_0003,2,forward,92.8664321899414,0.0,3.0003662109375,46.218875885009766,142.08567428588867,1.593183,False
qwen35moe,lora,recompute,unique_stage_0003,2,backward,95.8665542602539,0.0,15.533203125,124.25110244750977,235.65085983276367,3.443103,False
qwen35moe,lora,save,unique_stage_0000,1,forward,51.01709747314453,0.0,3.007823944091797,262.00000381469727,316.0249252319336,1.239167,False
qwen35moe,lora,save,unique_stage_0000,1,backward,6.009288787841797,0.0,3.0000038146972656,0.0,9.009292602539062,0.021183,True
qwen35moe,lora,save,unique_stage_0001,1,forward,137.88154983520508,0.0,61.826107025146484,16.095953941345215,215.80361080169678,1.830304,False
qwen35moe,lora,save,unique_stage_0001,1,backward,136.8680191040039,0.0,12.533203125,48.156375885009766,197.55759811401367,2.493088,False
qwen35moe,lora,save,unique_stage_0002,1,forward,94.22450637817383,0.0,63.222782135009766,16.095953941345215,173.5432424545288,1.210576,False
qwen35moe,lora,save,unique_stage_0002,1,backward,144.7274398803711,0.0,15.7191162109375,48.093875885009766,208.54043197631836,1.645392,False
qwen35moe,lora,save,unique_stage_0003,2,forward,92.8664321899414,0.0,58.9114990234375,18.03125,169.8091812133789,1.629759,False
qwen35moe,lora,save,unique_stage_0003,2,backward,139.2444839477539,0.0,15.533203125,48.156375885009766,202.93406295776367,2.543488,False
qwen3moe,full,recompute,unique_stage_0000,1,forward,48.01564407348633,0.0,3.015644073486328,0.0,51.031288146972656,0.055328,True
qwen3moe,full,recompute,unique_stage_0000,1,backward,3.015625,0.0,96.0,0.046875,99.0625,0.113856,True
qwen3moe,full,recompute,unique_stage_0001,1,forward,78.31679153442383,0.0,3.0000038146972656,39.095953941345215,120.41274929046631,0.851999,False
qwen3moe,full,recompute,unique_stage_0001,1,backward,81.3164291381836,0.0,153.1004638671875,84.57849502563477,318.99538803100586,1.851776,False
qwen3moe,full,recompute,unique_stage_0002,3,forward,78.31569290161133,0.0,3.0003662109375,39.095953941345215,120.41201305389404,0.844576,False
qwen3moe,full,recompute,unique_stage_0002,3,backward,81.31581497192383,0.0,153.10009765625,84.57825088500977,318.9941635131836,1.785247,False
qwen3moe,full,recompute,unique_stage_0003,1,forward,51.01709747314453,0.0,3.814697265625e-06,361.00000381469727,412.01710510253906,1.809823,False
qwen3moe,full,recompute,unique_stage_0003,1,backward,51.017093658447266,0.0,99.00293350219727,265.00782012939453,415.02784729003906,1.984992,False
qwen3moe,full,save,unique_stage_0000,1,forward,48.01564407348633,0.0,3.015644073486328,0.0,51.031288146972656,0.052352,True
qwen3moe,full,save,unique_stage_0000,1,backward,3.015625,0.0,96.0,0.046875,99.0625,0.11184,False
qwen3moe,full,save,unique_stage_0001,1,forward,78.31679153442383,0.0,30.34400177001953,20.00207805633545,128.6628713607788,0.833168,False
qwen3moe,full,save,unique_stage_0001,1,backward,108.65969467163086,0.0,153.1004638671875,50.28980255126953,312.0499610900879,1.315984,False
qwen3moe,full,save,unique_stage_0002,3,forward,78.31569290161133,0.0,30.344242095947266,20.00207805633545,128.66201305389404,0.826688,False
qwen3moe,full,save,unique_stage_0002,3,backward,108.6596908569336,0.0,153.10009765625,50.28931427001953,312.0491027832031,1.362048,False
qwen3moe,full,save,unique_stage_0003,1,forward,51.01709747314453,0.0,99.0000114440918,262.00000381469727,412.0171127319336,1.814048,False
qwen3moe,full,save,unique_stage_0003,1,backward,102.0014762878418,0.0,99.00293350219727,3.1015625,204.10597229003906,0.244543,False
qwen3moe,lora,recompute,unique_stage_0000,1,forward,135.94069290161133,0.0,3.016010284423828,43.218875885009766,182.17557907104492,1.208896,False
qwen3moe,lora,recompute,unique_stage_0000,1,backward,138.94081497192383,0.0,12.625,114.86731338500977,266.4331283569336,2.404223,False
qwen3moe,lora,recompute,unique_stage_0001,1,forward,51.01709747314453,0.0,3.814697265625e-06,265.00000381469727,316.01710510253906,1.264511,False
qwen3moe,lora,recompute,unique_stage_0001,1,backward,51.017093658447266,0.0,3.0000038146972656,265.00782012939453,319.02491760253906,1.331007,False
qwen3moe,lora,recompute,unique_stage_0002,1,forward,90.94179153442383,0.0,3.0000038146972656,43.093875885009766,137.03567123413086,1.172927,False
qwen3moe,lora,recompute,unique_stage_0002,1,backward,93.9414291381836,0.0,15.6253662109375,114.98450088500977,224.55129623413086,2.477504,False
qwen3moe,lora,recompute,unique_stage_0003,2,forward,90.94069290161133,0.0,3.0003662109375,43.218875885009766,137.1599349975586,1.166911,False
qwen3moe,lora,recompute,unique_stage_0003,2,backward,93.94081497192383,0.0,15.625,114.98450088500977,224.5503158569336,2.472448,False
qwen3moe,lora,save,unique_stage_0000,1,forward,135.94069290161133,0.0,52.90663528442383,16.095953941345215,204.94328212738037,1.228672,False
qwen3moe,lora,save,unique_stage_0000,1,backward,126.31435012817383,0.0,12.625,48.125125885009766,187.0644760131836,1.685264,False
qwen3moe,lora,save,unique_stage_0001,1,forward,51.01709747314453,0.0,3.000011444091797,262.00000381469727,316.0171127319336,1.266111,False
qwen3moe,lora,save,unique_stage_0001,1,backward,6.001476287841797,0.0,3.0000038146972656,3.1044921875,12.105972290039062,0.138352,True
qwen3moe,lora,save,unique_stage_0002,1,forward,90.94179153442383,0.0,50.031375885009766,16.095953941345215,157.0691213607788,1.210816,False
qwen3moe,lora,save,unique_stage_0002,1,backward,128.3470687866211,0.0,15.6253662109375,48.125125885009766,192.09756088256836,1.816048,False
qwen3moe,lora,save,unique_stage_0003,2,forward,90.94069290161133,0.0,50.0316162109375,16.095953941345215,157.06826305389404,1.198848,False
qwen3moe,lora,save,unique_stage_0003,2,backward,128.34706497192383,0.0,15.625,48.125125885009766,192.0971908569336,1.81552,False
