family,mode,execution_policy,stage,occurrences,variant,direction,inputs_bytes,mutated_bytes,outputs_bytes,workspace_bytes,total_bytes,runtime_ms
llama3,full,auto,unique_stage_0000,256,save,forward,637616164,0,772800512,234881024,1645297700,17.052704
llama3,full,auto,unique_stage_0000,256,save,backward,1410416676,0,503332864,838926336,2752675876,35.810878
llama3,full,auto,unique_stage_0000,256,recompute,forward,637616164,0,67108864,704643072,1409368100,17.001535
llama3,full,auto,unique_stage_0000,256,recompute,backward,704725028,0,503332864,1544617984,2752675876,47.789695
llama3,full,auto,unique_stage_0001,8,save,forward,1050738724,0,67174436,0,1117913160,0.0992
llama3,full,auto,unique_stage_0001,8,save,backward,67174400,0,1050673152,346623,1118194175,0.80992
llama3,full,auto,unique_stage_0001,8,recompute,forward,1050738724,0,67174436,0,1117913160,0.0992
llama3,full,auto,unique_stage_0001,8,recompute,backward,67174400,0,1050673152,346623,1118194175,0.80992
llama3,full,auto,unique_stage_0002,8,save,forward,1117855744,0,1117782020,1643134980,3878772744,119.101821
llama3,full,auto,unique_stage_0002,8,save,backward,1184899072,0,1117790208,69255168,2371944448,1.834159
llama3,full,auto,unique_stage_0002,8,recompute,forward,1117855744,0,4,2760916996,3878772744,119.505218
llama3,full,auto,unique_stage_0002,8,recompute,backward,1117855744,0,1117790208,1710276616,3945922568,120.891326
llama3,full,save,unique_stage_0000,256,save,forward,637616164,0,772800512,234881024,1645297700,17.108544
llama3,full,save,unique_stage_0000,256,save,backward,1410416676,0,503332864,838926336,2752675876,35.693313
llama3,full,save,unique_stage_0000,256,recompute,forward,637616164,0,67108864,704643072,1409368100,16.957488
llama3,full,save,unique_stage_0000,256,recompute,backward,704725028,0,503332864,1544617984,2752675876,47.847393
llama3,full,save,unique_stage_0001,8,save,forward,1050738724,0,67174436,0,1117913160,0.098976
llama3,full,save,unique_stage_0001,8,save,backward,67174400,0,1050673152,346623,1118194175,0.810224
llama3,full,save,unique_stage_0001,8,recompute,forward,1050738724,0,67174436,0,1117913160,0.098976
llama3,full,save,unique_stage_0001,8,recompute,backward,67174400,0,1050673152,346623,1118194175,0.810224
llama3,full,save,unique_stage_0002,8,save,forward,1117855744,0,1117782020,1643134980,3878772744,118.818305
llama3,full,save,unique_stage_0002,8,save,backward,1184899072,0,1117790208,69255168,2371944448,1.83328
llama3,full,save,unique_stage_0002,8,recompute,forward,1117855744,0,4,2760916996,3878772744,119.109985
llama3,full,save,unique_stage_0002,8,recompute,backward,1117855744,0,1117790208,1710276616,3945922568,120.52893
llama3,lora,auto,unique_stage_0000,8,save,forward,1631666212,0,848101412,234881024,2714648648,18.956592
llama3,lora,auto,unique_stage_0000,8,save,backward,1368137764,0,5242880,839024640,2212405284,19.735119
llama3,lora,auto,unique_stage_0000,8,recompute,forward,1631666212,0,67174436,771751936,2470592584,18.81752
llama3,lora,auto,unique_stage_0000,8,recompute,backward,1698775076,0,5242880,1547927552,3251945508,33.610912
llama3,lora,auto,unique_stage_0001,8,save,forward,1117855744,0,67108868,1643134980,2828099592,82.020126
llama3,lora,auto,unique_stage_0001,8,save,backward,134225920,0,67108864,69263360,270598144,0.450639
llama3,lora,auto,unique_stage_0001,8,recompute,forward,1117855744,0,4,1710243844,2828099592,81.628829
llama3,lora,auto,unique_stage_0001,8,recompute,backward,1117855744,0,67108864,1710276616,2895241224,82.153152
llama3,lora,auto,unique_stage_0002,248,save,forward,648101924,0,781713408,234881024,1664696356,18.873727
llama3,lora,auto,unique_stage_0002,248,save,backward,1419329572,0,72351744,906035200,2397716516,22.537984
llama3,lora,auto,unique_stage_0002,248,recompute,forward,648101924,0,67108864,771751936,1486962724,18.77608
llama3,lora,auto,unique_stage_0002,248,recompute,backward,715210788,0,72351744,1548353536,2335916068,36.375713
olmoe,full,auto,unique_stage_0000,2,save,forward,206307460,0,134480008,0,340787468,0.190431
olmoe,full,auto,unique_stage_0000,2,save,backward,134479872,0,206045184,1335807,341860863,0.35936
olmoe,full,auto,unique_stage_0000,2,recompute,forward,206307460,0,134480008,0,340787468,0.190431
olmoe,full,auto,unique_stage_0000,2,recompute,backward,134479872,0,206045184,1335807,341860863,0.35936
olmoe,full,auto,unique_stage_0001,30,save,forward,1107837064,0,1889534216,1610615811,4607987091,30.256864
olmoe,full,auto,unique_stage_0001,30,save,backward,2997371276,0,973357060,3667002116,7637730452,65.197731
olmoe,full,auto,unique_stage_0001,30,recompute,forward,1107837064,0,134217732,2821721351,4063776147,30.304416
olmoe,full,auto,unique_stage_0001,30,recompute,backward,1242054792,0,973357060,5651300612,7866712464,85.999359
olmoe,full,auto,unique_stage_0002,2,save,forward,1107837064,0,1889534216,1610615811,4607987091,30.256864
olmoe,full,auto,unique_stage_0002,2,save,backward,2997371276,0,973357056,3667002116,7637730448,65.327331
olmoe,full,auto,unique_stage_0002,2,recompute,forward,1107837064,0,134217732,2821721351,4063776147,30.304416
olmoe,full,auto,unique_stage_0002,2,recompute,backward,1242054792,0,973357056,5651300612,7866712460,85.800094
olmoe,full,auto,unique_stage_0003,2,save,forward,340529156,0,340262928,1679597572,2360389656,97.619873
olmoe,full,auto,unique_stage_0003,2,save,backward,474484744,0,340267012,138551296,953303052,0.923904
olmoe,full,auto,unique_stage_0003,2,recompute,forward,340529156,0,8,2019860484,2360389648,97.469566
olmoe,full,auto,unique_stage_0003,2,recompute,backward,340529152,0,340267012,1813946376,2494742540,97.720481
olmoe,lora,auto,unique_stage_0000,2,save,forward,340529156,0,134217744,1679597572,2154344472,66.352157
olmoe,lora,auto,unique_stage_0000,2,save,backward,268439560,0,134217732,138555392,541212684,0.655312
olmoe,lora,auto,unique_stage_0000,2,recompute,forward,340529156,0,8,1813815300,2154344464,65.942947
olmoe,lora,auto,unique_stage_0000,2,recompute,backward,340529152,0,134217732,1813946376,2288693260,66.669921
olmoe,lora,auto,unique_stage_0001,30,save,forward,1168654472,0,3031433220,1213202692,5413290384,38.545886
olmoe,lora,auto,unique_stage_0001,30,save,backward,4139270280,0,164626436,3242331399,7546228115,50.504577
olmoe,lora,auto,unique_stage_0001,30,recompute,forward,1168654472,0,134217732,2834301188,4137173392,37.042881
olmoe,lora,auto,unique_stage_0001,30,recompute,backward,1302872200,0,164626436,7569146116,9036644752,83.516098
olmoe,lora,auto,unique_stage_0002,2,save,forward,1240481924,0,3165520008,1213202692,5619204624,38.658912
olmoe,lora,auto,unique_stage_0002,2,save,backward,4113445000,0,30408704,3242331399,7386185103,45.055839
olmoe,lora,auto,unique_stage_0002,2,recompute,forward,1240481924,0,134480008,2834301188,4209263120,37.24435
olmoe,lora,auto,unique_stage_0002,2,recompute,backward,1374699656,0,30408704,7569015044,8974123404,78.653472
qwen35,full,auto,unique_stage_0000,4,save,forward,2168594432,0,2168455172,1659904004,5996953608,470.604431
qwen35,full,auto,unique_stage_0000,4,save,backward,2302681088,0,2168463360,138493952,4609638400,3.368287
qwen35,full,auto,unique_stage_0000,4,recompute,forward,2168594432,0,4,3828359172,5996953608,469.019897
qwen35,full,auto,unique_stage_0000,4,recompute,backward,2168594432,0,2168463360,1794187272,6131245064,475.274322
qwen35,full,auto,unique_stage_0001,96,save,forward,571036168,0,1681915904,1210056960,3463009032,37.316833
qwen35,full,auto,unique_stage_0001,96,save,backward,2252952072,0,571031936,3029401856,5853385864,76.877311
qwen35,full,auto,unique_stage_0001,96,recompute,forward,571036168,0,134217728,1684013312,2389267208,37.190334
qwen35,full,auto,unique_stage_0001,96,recompute,backward,705253896,0,571031936,3566338048,4842623880,104.401535
qwen35,full,auto,unique_stage_0002,32,save,forward,620905540,0,1544552448,402653184,2568111172,34.561759
qwen35,full,auto,unique_stage_0002,32,save,backward,2165457988,0,553665536,1612054528,4331178052,71.728767
qwen35,full,auto,unique_stage_0002,32,recompute,forward,620905540,0,134217728,1207959552,1963082820,34.249534
qwen35,full,auto,unique_stage_0002,32,recompute,backward,755123268,0,553665536,3190161408,4498950212,96.277793
qwen35,full,auto,unique_stage_0003,4,save,forward,2034368580,0,134353100,0,2168721680,0.278656
qwen35,full,auto,unique_stage_0003,4,save,backward,134348800,0,2034237440,676351,2169262591,1.48616
qwen35,full,auto,unique_stage_0003,4,recompute,forward,2034368580,0,134353100,0,2168721680,0.278656
qwen35,full,auto,unique_stage_0003,4,recompute,backward,134348800,0,2034237440,676351,2169262591,1.48616
qwen35,lora,auto,unique_stage_0000,92,save,forward,581005832,0,1693192192,1209008384,3483206408,40.868862
qwen35,lora,auto,unique_stage_0000,92,save,backward,2264228360,0,139202560,3432055296,5835486216,50.191104
qwen35,lora,auto,unique_stage_0000,92,recompute,forward,581005832,0,134217728,2221932736,2937156296,41.004478
qwen35,lora,auto,unique_stage_0000,92,recompute,backward,715223560,0,139202560,3576827904,4431254024,80.96688
qwen35,lora,auto,unique_stage_0001,4,save,forward,2168594432,0,134217732,1659904004,3962716168,313.434051
qwen35,lora,auto,unique_stage_0001,4,save,backward,268443648,0,134217728,138502144,541163520,0.701616
qwen35,lora,auto,unique_stage_0001,4,recompute,forward,2168594432,0,4,1794121732,3962716168,314.753356
qwen35,lora,auto,unique_stage_0001,4,recompute,backward,2168594432,0,134217728,1794187272,4096999432,316.643646
qwen35,lora,auto,unique_stage_0002,32,save,forward,631129156,0,1557004288,402653184,2590786628,38.176479
qwen35,lora,auto,unique_stage_0002,32,save,backward,2177909828,0,139329536,1914044416,4231283780,45.623649
qwen35,lora,auto,unique_stage_0002,32,recompute,forward,631129156,0,134217728,1342177280,2107524164,37.97824
qwen35,lora,auto,unique_stage_0002,32,recompute,backward,765346884,0,139329536,3198615552,4103291972,74.209953
qwen35,lora,auto,unique_stage_0003,4,save,forward,2481152452,0,1827021004,1209008384,5517181840,41.290943
qwen35,lora,auto,unique_stage_0003,4,save,backward,2162508296,0,4984832,2895118848,5062611976,41.161342
qwen35,lora,auto,unique_stage_0003,4,recompute,forward,2481152452,0,134353100,2356150464,4971656016,41.148353
qwen35,lora,auto,unique_stage_0003,4,recompute,backward,2615370112,0,4984832,3576504320,6196859264,72.169792
